gpu_id,gpu_model,branch,commit,command,warmup,iters,idle_gpu_verified,graph_capture,l2_flush_per_iter,clocks_pinned,metric_formula,model,model_dim,inter_dim,experts,topk,dtype,act,token,tile_m1,tile_n1,tile_k1,tile_m2,tile_n2,tile_k2,stage1_us,stage2_us,sorting_us,kernel_path_us,kernel_path_us_p95,effective_tflops,mfu,e2e_us,e2e_us_p95,logits_diff,correctness_pass,flydsl_command,strict_error,error_category,aot_status
0,AMD Instinct MI350X,HEAD,523ca1c7e224ee62d5e3a4c0f52a18b9cec5e727,"HIP_VISIBLE_DEVICES=0 FLYDSL_PERF_DIST=1 python3 /sgl-workspace/FlyDSL-mxfp4-moe/tests/kernels/test_moe_gemm.py --in_dtype fp4 -dim 7168,256 -t 1 -e 257 -k 9 --num_warmup 10 --num_iters 100 --tile_m 64 --tile_n 256 --tile_k 256 --tile_n2 256 --tile_k2 256 --skip_ref true --compare_aiter_ck false ; HIP_VISIBLE_DEVICES=0 python3 /sgl-workspace/FlyDSL-mxfp4-moe/scripts/aiter_strict_point.py --model-dim 7168 --inter-dim 256 -e 257 -k 9 -t 1 --aq fp4 --wq fp4 --act silu --gate separated --warmup 10 --iters 100 --aiter-repo /sgl-workspace/aiter",10,100,True,False,True,True,effective_tflops = token*model_dim*inter_dim*3*topk*2 / combined_us / 1e6; mfu = effective_tflops / 4523,deepseek_v3,7168,256,257,9,a4w4,silu,1,64,256,256,64,256,256,82.1,48.2,0.0,130.2,157.60000000000002,0.7610632258064516,0.00016826513946638328,34.0650421052633,493.84400248527527,0.0019092379303825568,True,"HIP_VISIBLE_DEVICES=0 FLYDSL_PERF_DIST=1 python3 /sgl-workspace/FlyDSL-mxfp4-moe/tests/kernels/test_moe_gemm.py --in_dtype fp4 -dim 7168,256 -t 1 -e 257 -k 9 --num_warmup 10 --num_iters 100 --tile_m 64 --tile_n 256 --tile_k 256 --tile_n2 256 --tile_k2 256 --skip_ref true --compare_aiter_ck false",,,checked
0,AMD Instinct MI350X,HEAD,523ca1c7e224ee62d5e3a4c0f52a18b9cec5e727,"HIP_VISIBLE_DEVICES=0 FLYDSL_PERF_DIST=1 python3 /sgl-workspace/FlyDSL-mxfp4-moe/tests/kernels/test_moe_gemm.py --in_dtype fp4 -dim 7168,256 -t 2 -e 257 -k 9 --num_warmup 10 --num_iters 100 --tile_m 64 --tile_n 256 --tile_k 256 --tile_n2 256 --tile_k2 256 --skip_ref true --compare_aiter_ck false ; HIP_VISIBLE_DEVICES=0 python3 /sgl-workspace/FlyDSL-mxfp4-moe/scripts/aiter_strict_point.py --model-dim 7168 --inter-dim 256 -e 257 -k 9 -t 2 --aq fp4 --wq fp4 --act silu --gate separated --warmup 10 --iters 100 --aiter-repo /sgl-workspace/aiter",10,100,True,False,True,True,effective_tflops = token*model_dim*inter_dim*3*topk*2 / combined_us / 1e6; mfu = effective_tflops / 4523,deepseek_v3,7168,256,257,9,a4w4,silu,2,64,256,256,64,256,256,81.0,46.5,0.0,127.4,140.6,1.55557978021978,0.0003439265487994207,41.40170370370407,493.5239851474762,0.001377186866181268,True,"HIP_VISIBLE_DEVICES=0 FLYDSL_PERF_DIST=1 python3 /sgl-workspace/FlyDSL-mxfp4-moe/tests/kernels/test_moe_gemm.py --in_dtype fp4 -dim 7168,256 -t 2 -e 257 -k 9 --num_warmup 10 --num_iters 100 --tile_m 64 --tile_n 256 --tile_k 256 --tile_n2 256 --tile_k2 256 --skip_ref true --compare_aiter_ck false",,,checked
0,AMD Instinct MI350X,HEAD,523ca1c7e224ee62d5e3a4c0f52a18b9cec5e727,"HIP_VISIBLE_DEVICES=0 FLYDSL_PERF_DIST=1 python3 /sgl-workspace/FlyDSL-mxfp4-moe/tests/kernels/test_moe_gemm.py --in_dtype fp4 -dim 7168,256 -t 4 -e 257 -k 9 --num_warmup 10 --num_iters 100 --tile_m 64 --tile_n 256 --tile_k 256 --tile_n2 256 --tile_k2 256 --skip_ref true --compare_aiter_ck false ; HIP_VISIBLE_DEVICES=0 python3 /sgl-workspace/FlyDSL-mxfp4-moe/scripts/aiter_strict_point.py --model-dim 7168 --inter-dim 256 -e 257 -k 9 -t 4 --aq fp4 --wq fp4 --act silu --gate separated --warmup 10 --iters 100 --aiter-repo /sgl-workspace/aiter",10,100,True,False,True,True,effective_tflops = token*model_dim*inter_dim*3*topk*2 / combined_us / 1e6; mfu = effective_tflops / 4523,deepseek_v3,7168,256,257,9,a4w4,silu,4,64,256,256,64,256,256,82.2,47.2,0.0,129.4,141.8,3.063073632148377,0.0006772216741429089,56.274242424242736,658.486008644104,0.0029107140716863045,True,"HIP_VISIBLE_DEVICES=0 FLYDSL_PERF_DIST=1 python3 /sgl-workspace/FlyDSL-mxfp4-moe/tests/kernels/test_moe_gemm.py --in_dtype fp4 -dim 7168,256 -t 4 -e 257 -k 9 --num_warmup 10 --num_iters 100 --tile_m 64 --tile_n 256 --tile_k 256 --tile_n2 256 --tile_k2 256 --skip_ref true --compare_aiter_ck false",,,checked
0,AMD Instinct MI350X,HEAD,523ca1c7e224ee62d5e3a4c0f52a18b9cec5e727,"HIP_VISIBLE_DEVICES=0 FLYDSL_PERF_DIST=1 python3 /sgl-workspace/FlyDSL-mxfp4-moe/tests/kernels/test_moe_gemm.py --in_dtype fp4 -dim 7168,256 -t 8 -e 257 -k 9 --num_warmup 10 --num_iters 100 --tile_m 64 --tile_n 256 --tile_k 256 --tile_n2 256 --tile_k2 256 --skip_ref true --compare_aiter_ck false ; HIP_VISIBLE_DEVICES=0 python3 /sgl-workspace/FlyDSL-mxfp4-moe/scripts/aiter_strict_point.py --model-dim 7168 --inter-dim 256 -e 257 -k 9 -t 8 --aq fp4 --wq fp4 --act silu --gate separated --warmup 10 --iters 100 --aiter-repo /sgl-workspace/aiter",10,100,True,False,True,True,effective_tflops = token*model_dim*inter_dim*3*topk*2 / combined_us / 1e6; mfu = effective_tflops / 4523,deepseek_v3,7168,256,257,9,a4w4,silu,8,64,256,256,64,256,256,85.8,52.4,0.0,138.2,145.6,5.73605973950796,0.0012681980410143622,60.24796703296714,375.7230043411255,1.1455316338060406e-05,True,"HIP_VISIBLE_DEVICES=0 FLYDSL_PERF_DIST=1 python3 /sgl-workspace/FlyDSL-mxfp4-moe/tests/kernels/test_moe_gemm.py --in_dtype fp4 -dim 7168,256 -t 8 -e 257 -k 9 --num_warmup 10 --num_iters 100 --tile_m 64 --tile_n 256 --tile_k 256 --tile_n2 256 --tile_k2 256 --skip_ref true --compare_aiter_ck false",,,checked
0,AMD Instinct MI350X,HEAD,523ca1c7e224ee62d5e3a4c0f52a18b9cec5e727,"HIP_VISIBLE_DEVICES=0 FLYDSL_PERF_DIST=1 python3 /sgl-workspace/FlyDSL-mxfp4-moe/tests/kernels/test_moe_gemm.py --in_dtype fp4 -dim 7168,256 -t 16 -e 257 -k 9 --num_warmup 10 --num_iters 100 --tile_m 64 --tile_n 256 --tile_k 256 --tile_n2 256 --tile_k2 256 --skip_ref true --compare_aiter_ck false ; HIP_VISIBLE_DEVICES=0 python3 /sgl-workspace/FlyDSL-mxfp4-moe/scripts/aiter_strict_point.py --model-dim 7168 --inter-dim 256 -e 257 -k 9 -t 16 --aq fp4 --wq fp4 --act silu --gate separated --warmup 10 --iters 100 --aiter-repo /sgl-workspace/aiter",10,100,True,False,True,True,effective_tflops = token*model_dim*inter_dim*3*topk*2 / combined_us / 1e6; mfu = effective_tflops / 4523,deepseek_v3,7168,256,257,9,a4w4,silu,16,64,256,256,64,256,256,91.6,61.1,0.0,152.7,171.2,10.382756463654223,0.0022955464213252758,83.8479381443307,571.2850093841553,1.029067283353502e-05,True,"HIP_VISIBLE_DEVICES=0 FLYDSL_PERF_DIST=1 python3 /sgl-workspace/FlyDSL-mxfp4-moe/tests/kernels/test_moe_gemm.py --in_dtype fp4 -dim 7168,256 -t 16 -e 257 -k 9 --num_warmup 10 --num_iters 100 --tile_m 64 --tile_n 256 --tile_k 256 --tile_n2 256 --tile_k2 256 --skip_ref true --compare_aiter_ck false",,,checked
0,AMD Instinct MI350X,HEAD,523ca1c7e224ee62d5e3a4c0f52a18b9cec5e727,"HIP_VISIBLE_DEVICES=0 FLYDSL_PERF_DIST=1 python3 /sgl-workspace/FlyDSL-mxfp4-moe/tests/kernels/test_moe_gemm.py --in_dtype fp4 -dim 7168,256 -t 32 -e 257 -k 9 --num_warmup 10 --num_iters 100 --tile_m 64 --tile_n 256 --tile_k 256 --tile_n2 256 --tile_k2 256 --skip_ref true --compare_aiter_ck false ; HIP_VISIBLE_DEVICES=0 python3 /sgl-workspace/FlyDSL-mxfp4-moe/scripts/aiter_strict_point.py --model-dim 7168 --inter-dim 256 -e 257 -k 9 -t 32 --aq fp4 --wq fp4 --act silu --gate separated --warmup 10 --iters 100 --aiter-repo /sgl-workspace/aiter",10,100,True,False,True,True,effective_tflops = token*model_dim*inter_dim*3*topk*2 / combined_us / 1e6; mfu = effective_tflops / 4523,deepseek_v3,7168,256,257,9,a4w4,silu,32,64,256,256,64,256,256,102.9,76.9,0.0,179.8,193.0,17.635671991101223,0.0038991094386692953,114.85418367346972,406.5229892730713,1.0363225636189632e-05,True,"HIP_VISIBLE_DEVICES=0 FLYDSL_PERF_DIST=1 python3 /sgl-workspace/FlyDSL-mxfp4-moe/tests/kernels/test_moe_gemm.py --in_dtype fp4 -dim 7168,256 -t 32 -e 257 -k 9 --num_warmup 10 --num_iters 100 --tile_m 64 --tile_n 256 --tile_k 256 --tile_n2 256 --tile_k2 256 --skip_ref true --compare_aiter_ck false",,,checked
0,AMD Instinct MI350X,HEAD,523ca1c7e224ee62d5e3a4c0f52a18b9cec5e727,"HIP_VISIBLE_DEVICES=0 FLYDSL_PERF_DIST=1 python3 /sgl-workspace/FlyDSL-mxfp4-moe/tests/kernels/test_moe_gemm.py --in_dtype fp4 -dim 7168,256 -t 64 -e 257 -k 9 --num_warmup 10 --num_iters 100 --tile_m 64 --tile_n 256 --tile_k 256 --tile_n2 256 --tile_k2 256 --skip_ref true --compare_aiter_ck false ; HIP_VISIBLE_DEVICES=0 python3 /sgl-workspace/FlyDSL-mxfp4-moe/scripts/aiter_strict_point.py --model-dim 7168 --inter-dim 256 -e 257 -k 9 -t 64 --aq fp4 --wq fp4 --act silu --gate separated --warmup 10 --iters 100 --aiter-repo /sgl-workspace/aiter",10,100,True,False,True,True,effective_tflops = token*model_dim*inter_dim*3*topk*2 / combined_us / 1e6; mfu = effective_tflops / 4523,deepseek_v3,7168,256,257,9,a4w4,silu,64,64,256,256,64,256,256,113.4,89.6,0.0,203.0,216.3,31.24033324137931,0.00690699386278561,148.7931530612243,435.8829855918884,1.0139395224539882e-05,True,"HIP_VISIBLE_DEVICES=0 FLYDSL_PERF_DIST=1 python3 /sgl-workspace/FlyDSL-mxfp4-moe/tests/kernels/test_moe_gemm.py --in_dtype fp4 -dim 7168,256 -t 64 -e 257 -k 9 --num_warmup 10 --num_iters 100 --tile_m 64 --tile_n 256 --tile_k 256 --tile_n2 256 --tile_k2 256 --skip_ref true --compare_aiter_ck false",,,checked
0,AMD Instinct MI350X,HEAD,523ca1c7e224ee62d5e3a4c0f52a18b9cec5e727,"HIP_VISIBLE_DEVICES=0 FLYDSL_PERF_DIST=1 python3 /sgl-workspace/FlyDSL-mxfp4-moe/tests/kernels/test_moe_gemm.py --in_dtype fp4 -dim 7168,256 -t 128 -e 257 -k 9 --num_warmup 10 --num_iters 100 --tile_m 64 --tile_n 256 --tile_k 256 --tile_n2 256 --tile_k2 256 --skip_ref true --compare_aiter_ck false ; HIP_VISIBLE_DEVICES=0 python3 /sgl-workspace/FlyDSL-mxfp4-moe/scripts/aiter_strict_point.py --model-dim 7168 --inter-dim 256 -e 257 -k 9 -t 128 --aq fp4 --wq fp4 --act silu --gate separated --warmup 10 --iters 100 --aiter-repo /sgl-workspace/aiter",10,100,True,False,True,True,effective_tflops = token*model_dim*inter_dim*3*topk*2 / combined_us / 1e6; mfu = effective_tflops / 4523,deepseek_v3,7168,256,257,9,a4w4,silu,128,64,256,256,64,256,256,119.2,94.9,0.0,214.39999999999998,225.5,59.15846686567165,0.013079475318521258,158.68847422680435,446.8429982662201,1.015027033468563e-05,True,"HIP_VISIBLE_DEVICES=0 FLYDSL_PERF_DIST=1 python3 /sgl-workspace/FlyDSL-mxfp4-moe/tests/kernels/test_moe_gemm.py --in_dtype fp4 -dim 7168,256 -t 128 -e 257 -k 9 --num_warmup 10 --num_iters 100 --tile_m 64 --tile_n 256 --tile_k 256 --tile_n2 256 --tile_k2 256 --skip_ref true --compare_aiter_ck false",,,checked
0,AMD Instinct MI350X,HEAD,523ca1c7e224ee62d5e3a4c0f52a18b9cec5e727,"HIP_VISIBLE_DEVICES=0 FLYDSL_PERF_DIST=1 python3 /sgl-workspace/FlyDSL-mxfp4-moe/tests/kernels/test_moe_gemm.py --in_dtype fp4 -dim 7168,256 -t 256 -e 257 -k 9 --num_warmup 10 --num_iters 100 --tile_m 64 --tile_n 256 --tile_k 256 --tile_n2 256 --tile_k2 256 --skip_ref true --compare_aiter_ck false ; HIP_VISIBLE_DEVICES=0 python3 /sgl-workspace/FlyDSL-mxfp4-moe/scripts/aiter_strict_point.py --model-dim 7168 --inter-dim 256 -e 257 -k 9 -t 256 --aq fp4 --wq fp4 --act silu --gate separated --warmup 10 --iters 100 --aiter-repo /sgl-workspace/aiter",10,100,True,False,True,True,effective_tflops = token*model_dim*inter_dim*3*topk*2 / combined_us / 1e6; mfu = effective_tflops / 4523,deepseek_v3,7168,256,257,9,a4w4,silu,256,64,256,256,64,256,256,165.9,100.9,0.0,266.7,278.79999999999995,95.11492535433072,0.021029167666223904,171.77611111111284,628.6050081253052,1.0238226904046854e-05,True,"HIP_VISIBLE_DEVICES=0 FLYDSL_PERF_DIST=1 python3 /sgl-workspace/FlyDSL-mxfp4-moe/tests/kernels/test_moe_gemm.py --in_dtype fp4 -dim 7168,256 -t 256 -e 257 -k 9 --num_warmup 10 --num_iters 100 --tile_m 64 --tile_n 256 --tile_k 256 --tile_n2 256 --tile_k2 256 --skip_ref true --compare_aiter_ck false",,,checked
0,AMD Instinct MI350X,HEAD,523ca1c7e224ee62d5e3a4c0f52a18b9cec5e727,"HIP_VISIBLE_DEVICES=0 FLYDSL_PERF_DIST=1 python3 /sgl-workspace/FlyDSL-mxfp4-moe/tests/kernels/test_moe_gemm.py --in_dtype fp4 -dim 7168,256 -t 512 -e 257 -k 9 --num_warmup 10 --num_iters 100 --tile_m 64 --tile_n 256 --tile_k 256 --tile_n2 256 --tile_k2 256 --skip_ref true --compare_aiter_ck false ; HIP_VISIBLE_DEVICES=0 python3 /sgl-workspace/FlyDSL-mxfp4-moe/scripts/aiter_strict_point.py --model-dim 7168 --inter-dim 256 -e 257 -k 9 -t 512 --aq fp4 --wq fp4 --act silu --gate separated --warmup 10 --iters 100 --aiter-repo /sgl-workspace/aiter",10,100,True,False,True,True,effective_tflops = token*model_dim*inter_dim*3*topk*2 / combined_us / 1e6; mfu = effective_tflops / 4523,deepseek_v3,7168,256,257,9,a4w4,silu,512,64,256,256,64,256,256,168.0,111.2,0.0,279.2,292.2,181.71311312320918,0.040175351121646954,191.89716161616175,633.204996585846,1.0047836131898968e-05,True,"HIP_VISIBLE_DEVICES=0 FLYDSL_PERF_DIST=1 python3 /sgl-workspace/FlyDSL-mxfp4-moe/tests/kernels/test_moe_gemm.py --in_dtype fp4 -dim 7168,256 -t 512 -e 257 -k 9 --num_warmup 10 --num_iters 100 --tile_m 64 --tile_n 256 --tile_k 256 --tile_n2 256 --tile_k2 256 --skip_ref true --compare_aiter_ck false",,,checked
0,AMD Instinct MI350X,HEAD,523ca1c7e224ee62d5e3a4c0f52a18b9cec5e727,"HIP_VISIBLE_DEVICES=0 FLYDSL_PERF_DIST=1 python3 /sgl-workspace/FlyDSL-mxfp4-moe/tests/kernels/test_moe_gemm.py --in_dtype fp4 -dim 7168,256 -t 1024 -e 257 -k 9 --num_warmup 10 --num_iters 100 --tile_m 64 --tile_n 256 --tile_k 256 --tile_n2 256 --tile_k2 256 --skip_ref true --compare_aiter_ck false ; HIP_VISIBLE_DEVICES=0 python3 /sgl-workspace/FlyDSL-mxfp4-moe/scripts/aiter_strict_point.py --model-dim 7168 --inter-dim 256 -e 257 -k 9 -t 1024 --aq fp4 --wq fp4 --act silu --gate separated --warmup 10 --iters 100 --aiter-repo /sgl-workspace/aiter",10,100,True,False,True,True,effective_tflops = token*model_dim*inter_dim*3*topk*2 / combined_us / 1e6; mfu = effective_tflops / 4523,deepseek_v3,7168,256,257,9,a4w4,silu,1024,64,256,256,64,256,256,168.8,135.0,0.0,304.2,317.0,333.5588506508876,0.07374725860068265,248.54487878787992,718.5260057449341,3.4465752332124566e-06,True,"HIP_VISIBLE_DEVICES=0 FLYDSL_PERF_DIST=1 python3 /sgl-workspace/FlyDSL-mxfp4-moe/tests/kernels/test_moe_gemm.py --in_dtype fp4 -dim 7168,256 -t 1024 -e 257 -k 9 --num_warmup 10 --num_iters 100 --tile_m 64 --tile_n 256 --tile_k 256 --tile_n2 256 --tile_k2 256 --skip_ref true --compare_aiter_ck false",,,checked
0,AMD Instinct MI350X,HEAD,523ca1c7e224ee62d5e3a4c0f52a18b9cec5e727,"HIP_VISIBLE_DEVICES=0 FLYDSL_PERF_DIST=1 python3 /sgl-workspace/FlyDSL-mxfp4-moe/tests/kernels/test_moe_gemm.py --in_dtype fp4 -dim 7168,256 -t 2048 -e 257 -k 9 --num_warmup 10 --num_iters 100 --tile_m 64 --tile_n 256 --tile_k 256 --tile_n2 256 --tile_k2 256 --skip_ref true --compare_aiter_ck false ; HIP_VISIBLE_DEVICES=0 python3 /sgl-workspace/FlyDSL-mxfp4-moe/scripts/aiter_strict_point.py --model-dim 7168 --inter-dim 256 -e 257 -k 9 -t 2048 --aq fp4 --wq fp4 --act silu --gate separated --warmup 10 --iters 100 --aiter-repo /sgl-workspace/aiter",10,100,True,False,True,True,effective_tflops = token*model_dim*inter_dim*3*topk*2 / combined_us / 1e6; mfu = effective_tflops / 4523,deepseek_v3,7168,256,257,9,a4w4,silu,2048,64,256,256,64,256,256,169.0,218.4,0.0,387.5,398.8,523.7089154477419,0.1157879538907234,365.92926262626133,782.4059724807739,3.4398751157516116e-06,True,"HIP_VISIBLE_DEVICES=0 FLYDSL_PERF_DIST=1 python3 /sgl-workspace/FlyDSL-mxfp4-moe/tests/kernels/test_moe_gemm.py --in_dtype fp4 -dim 7168,256 -t 2048 -e 257 -k 9 --num_warmup 10 --num_iters 100 --tile_m 64 --tile_n 256 --tile_k 256 --tile_n2 256 --tile_k2 256 --skip_ref true --compare_aiter_ck false",,,checked
0,AMD Instinct MI350X,HEAD,523ca1c7e224ee62d5e3a4c0f52a18b9cec5e727,"HIP_VISIBLE_DEVICES=0 FLYDSL_PERF_DIST=1 python3 /sgl-workspace/FlyDSL-mxfp4-moe/tests/kernels/test_moe_gemm.py --in_dtype fp4 -dim 7168,256 -t 4096 -e 257 -k 9 --num_warmup 10 --num_iters 100 --tile_m 64 --tile_n 256 --tile_k 256 --tile_n2 256 --tile_k2 256 --skip_ref true --compare_aiter_ck false ; HIP_VISIBLE_DEVICES=0 python3 /sgl-workspace/FlyDSL-mxfp4-moe/scripts/aiter_strict_point.py --model-dim 7168 --inter-dim 256 -e 257 -k 9 -t 4096 --aq fp4 --wq fp4 --act silu --gate separated --warmup 10 --iters 100 --aiter-repo /sgl-workspace/aiter",10,100,True,False,True,True,effective_tflops = token*model_dim*inter_dim*3*topk*2 / combined_us / 1e6; mfu = effective_tflops / 4523,deepseek_v3,7168,256,257,9,a4w4,silu,4096,64,256,256,64,256,256,249.4,367.8,0.0,616.6,630.4,658.2458797794357,0.1455330267033906,568.4188444444443,734.9259853363037,3.437462961830562e-06,True,"HIP_VISIBLE_DEVICES=0 FLYDSL_PERF_DIST=1 python3 /sgl-workspace/FlyDSL-mxfp4-moe/tests/kernels/test_moe_gemm.py --in_dtype fp4 -dim 7168,256 -t 4096 -e 257 -k 9 --num_warmup 10 --num_iters 100 --tile_m 64 --tile_n 256 --tile_k 256 --tile_n2 256 --tile_k2 256 --skip_ref true --compare_aiter_ck false",,,checked
0,AMD Instinct MI350X,HEAD,523ca1c7e224ee62d5e3a4c0f52a18b9cec5e727,"HIP_VISIBLE_DEVICES=0 FLYDSL_PERF_DIST=1 python3 /sgl-workspace/FlyDSL-mxfp4-moe/tests/kernels/test_moe_gemm.py --in_dtype fp4 -dim 7168,256 -t 8192 -e 257 -k 9 --num_warmup 10 --num_iters 100 --tile_m 64 --tile_n 256 --tile_k 256 --tile_n2 256 --tile_k2 256 --skip_ref true --compare_aiter_ck false ; HIP_VISIBLE_DEVICES=0 python3 /sgl-workspace/FlyDSL-mxfp4-moe/scripts/aiter_strict_point.py --model-dim 7168 --inter-dim 256 -e 257 -k 9 -t 8192 --aq fp4 --wq fp4 --act silu --gate separated --warmup 10 --iters 100 --aiter-repo /sgl-workspace/aiter",10,100,True,False,True,True,effective_tflops = token*model_dim*inter_dim*3*topk*2 / combined_us / 1e6; mfu = effective_tflops / 4523,deepseek_v3,7168,256,257,9,a4w4,silu,8192,64,256,256,64,256,256,428.3,650.8,0.0,1079.1999999999998,1103.5,752.1764445366939,0.1663003414850086,982.3065411764695,1264.5310163497925,3.436508721699205e-06,True,"HIP_VISIBLE_DEVICES=0 FLYDSL_PERF_DIST=1 python3 /sgl-workspace/FlyDSL-mxfp4-moe/tests/kernels/test_moe_gemm.py --in_dtype fp4 -dim 7168,256 -t 8192 -e 257 -k 9 --num_warmup 10 --num_iters 100 --tile_m 64 --tile_n 256 --tile_k 256 --tile_n2 256 --tile_k2 256 --skip_ref true --compare_aiter_ck false",,,checked
0,AMD Instinct MI350X,HEAD,523ca1c7e224ee62d5e3a4c0f52a18b9cec5e727,"HIP_VISIBLE_DEVICES=0 FLYDSL_PERF_DIST=1 python3 /sgl-workspace/FlyDSL-mxfp4-moe/tests/kernels/test_moe_gemm.py --in_dtype fp4 -dim 7168,256 -t 16384 -e 257 -k 9 --num_warmup 10 --num_iters 100 --tile_m 64 --tile_n 256 --tile_k 256 --tile_n2 256 --tile_k2 256 --skip_ref true --compare_aiter_ck false ; HIP_VISIBLE_DEVICES=0 python3 /sgl-workspace/FlyDSL-mxfp4-moe/scripts/aiter_strict_point.py --model-dim 7168 --inter-dim 256 -e 257 -k 9 -t 16384 --aq fp4 --wq fp4 --act silu --gate separated --warmup 10 --iters 100 --aiter-repo /sgl-workspace/aiter",10,100,True,False,True,True,effective_tflops = token*model_dim*inter_dim*3*topk*2 / combined_us / 1e6; mfu = effective_tflops / 4523,deepseek_v3,7168,256,257,9,a4w4,silu,16384,64,256,256,64,256,256,669.1,1233.6,0.0,1902.6999999999998,1934.1999999999998,853.2599137478321,0.18864910761614684,1729.7136813186798,1922.6160049438477,3.433807777675213e-06,True,"HIP_VISIBLE_DEVICES=0 FLYDSL_PERF_DIST=1 python3 /sgl-workspace/FlyDSL-mxfp4-moe/tests/kernels/test_moe_gemm.py --in_dtype fp4 -dim 7168,256 -t 16384 -e 257 -k 9 --num_warmup 10 --num_iters 100 --tile_m 64 --tile_n 256 --tile_k 256 --tile_n2 256 --tile_k2 256 --skip_ref true --compare_aiter_ck false",,,checked
0,AMD Instinct MI350X,HEAD,523ca1c7e224ee62d5e3a4c0f52a18b9cec5e727,"HIP_VISIBLE_DEVICES=0 FLYDSL_PERF_DIST=1 python3 /sgl-workspace/FlyDSL-mxfp4-moe/tests/kernels/test_moe_gemm.py --in_dtype fp4 -dim 7168,256 -t 32768 -e 257 -k 9 --num_warmup 10 --num_iters 100 --tile_m 64 --tile_n 256 --tile_k 256 --tile_n2 256 --tile_k2 256 --skip_ref true --compare_aiter_ck false ; HIP_VISIBLE_DEVICES=0 python3 /sgl-workspace/FlyDSL-mxfp4-moe/scripts/aiter_strict_point.py --model-dim 7168 --inter-dim 256 -e 257 -k 9 -t 32768 --aq fp4 --wq fp4 --act silu --gate separated --warmup 10 --iters 100 --aiter-repo /sgl-workspace/aiter",10,100,True,False,True,True,effective_tflops = token*model_dim*inter_dim*3*topk*2 / combined_us / 1e6; mfu = effective_tflops / 4523,deepseek_v3,7168,256,257,9,a4w4,silu,32768,64,256,256,64,256,256,1048.9,2375.2,0.0,3427.4,3500.7999999999997,947.3639714582482,0.20945478033567283,3223.8851157894737,3390.666961669922,3.435615013036575e-06,True,"HIP_VISIBLE_DEVICES=0 FLYDSL_PERF_DIST=1 python3 /sgl-workspace/FlyDSL-mxfp4-moe/tests/kernels/test_moe_gemm.py --in_dtype fp4 -dim 7168,256 -t 32768 -e 257 -k 9 --num_warmup 10 --num_iters 100 --tile_m 64 --tile_n 256 --tile_k 256 --tile_n2 256 --tile_k2 256 --skip_ref true --compare_aiter_ck false",,,checked
0,AMD Instinct MI350X,HEAD,523ca1c7e224ee62d5e3a4c0f52a18b9cec5e727,"HIP_VISIBLE_DEVICES=0 FLYDSL_PERF_DIST=1 python3 /sgl-workspace/FlyDSL-mxfp4-moe/tests/kernels/test_moe_gemm.py --in_dtype fp4 -dim 7168,256 -t 1 -e 384 -k 8 --num_warmup 10 --num_iters 100 --tile_m 64 --tile_n 256 --tile_k 256 --tile_n2 256 --tile_k2 256 --skip_ref true --compare_aiter_ck false ; HIP_VISIBLE_DEVICES=0 python3 /sgl-workspace/FlyDSL-mxfp4-moe/scripts/aiter_strict_point.py --model-dim 7168 --inter-dim 256 -e 384 -k 8 -t 1 --aq fp4 --wq fp4 --act silu --gate separated --warmup 10 --iters 100 --aiter-repo /sgl-workspace/aiter",10,100,True,False,True,True,effective_tflops = token*model_dim*inter_dim*3*topk*2 / combined_us / 1e6; mfu = effective_tflops / 4523,kimi_k2,7168,256,384,8,a4w4,silu,1,64,256,256,64,256,256,81.7,47.3,0.0,129.0,147.1,0.6827936744186047,0.0001509603525135098,38.18579591836654,493.88399720191956,0.0013388059847474487,True,"HIP_VISIBLE_DEVICES=0 FLYDSL_PERF_DIST=1 python3 /sgl-workspace/FlyDSL-mxfp4-moe/tests/kernels/test_moe_gemm.py --in_dtype fp4 -dim 7168,256 -t 1 -e 384 -k 8 --num_warmup 10 --num_iters 100 --tile_m 64 --tile_n 256 --tile_k 256 --tile_n2 256 --tile_k2 256 --skip_ref true --compare_aiter_ck false",,,checked
0,AMD Instinct MI350X,HEAD,523ca1c7e224ee62d5e3a4c0f52a18b9cec5e727,"HIP_VISIBLE_DEVICES=0 FLYDSL_PERF_DIST=1 python3 /sgl-workspace/FlyDSL-mxfp4-moe/tests/kernels/test_moe_gemm.py --in_dtype fp4 -dim 7168,256 -t 2 -e 384 -k 8 --num_warmup 10 --num_iters 100 --tile_m 64 --tile_n 256 --tile_k 256 --tile_n2 256 --tile_k2 256 --skip_ref true --compare_aiter_ck false ; HIP_VISIBLE_DEVICES=0 python3 /sgl-workspace/FlyDSL-mxfp4-moe/scripts/aiter_strict_point.py --model-dim 7168 --inter-dim 256 -e 384 -k 8 -t 2 --aq fp4 --wq fp4 --act silu --gate separated --warmup 10 --iters 100 --aiter-repo /sgl-workspace/aiter",10,100,True,False,True,True,effective_tflops = token*model_dim*inter_dim*3*topk*2 / combined_us / 1e6; mfu = effective_tflops / 4523,kimi_k2,7168,256,384,8,a4w4,silu,2,64,256,256,64,256,256,81.2,46.5,0.0,127.7,136.0,1.379489177760376,0.0003049942909043502,41.845000000001676,500.6440281867981,0.002241814551414034,True,"HIP_VISIBLE_DEVICES=0 FLYDSL_PERF_DIST=1 python3 /sgl-workspace/FlyDSL-mxfp4-moe/tests/kernels/test_moe_gemm.py --in_dtype fp4 -dim 7168,256 -t 2 -e 384 -k 8 --num_warmup 10 --num_iters 100 --tile_m 64 --tile_n 256 --tile_k 256 --tile_n2 256 --tile_k2 256 --skip_ref true --compare_aiter_ck false",,,checked
0,AMD Instinct MI350X,HEAD,523ca1c7e224ee62d5e3a4c0f52a18b9cec5e727,"HIP_VISIBLE_DEVICES=0 FLYDSL_PERF_DIST=1 python3 /sgl-workspace/FlyDSL-mxfp4-moe/tests/kernels/test_moe_gemm.py --in_dtype fp4 -dim 7168,256 -t 4 -e 384 -k 8 --num_warmup 10 --num_iters 100 --tile_m 64 --tile_n 256 --tile_k 256 --tile_n2 256 --tile_k2 256 --skip_ref true --compare_aiter_ck false ; HIP_VISIBLE_DEVICES=0 python3 /sgl-workspace/FlyDSL-mxfp4-moe/scripts/aiter_strict_point.py --model-dim 7168 --inter-dim 256 -e 384 -k 8 -t 4 --aq fp4 --wq fp4 --act silu --gate separated --warmup 10 --iters 100 --aiter-repo /sgl-workspace/aiter",10,100,True,False,True,True,effective_tflops = token*model_dim*inter_dim*3*topk*2 / combined_us / 1e6; mfu = effective_tflops / 4523,kimi_k2,7168,256,384,8,a4w4,silu,4,64,256,256,64,256,256,82.9,47.8,0.0,130.6,141.8,2.6977146707503827,0.0005964436592417383,55.812939393940304,648.045003414154,0.0008894657763870439,True,"HIP_VISIBLE_DEVICES=0 FLYDSL_PERF_DIST=1 python3 /sgl-workspace/FlyDSL-mxfp4-moe/tests/kernels/test_moe_gemm.py --in_dtype fp4 -dim 7168,256 -t 4 -e 384 -k 8 --num_warmup 10 --num_iters 100 --tile_m 64 --tile_n 256 --tile_k 256 --tile_n2 256 --tile_k2 256 --skip_ref true --compare_aiter_ck false",,,checked
0,AMD Instinct MI350X,HEAD,523ca1c7e224ee62d5e3a4c0f52a18b9cec5e727,"HIP_VISIBLE_DEVICES=0 FLYDSL_PERF_DIST=1 python3 /sgl-workspace/FlyDSL-mxfp4-moe/tests/kernels/test_moe_gemm.py --in_dtype fp4 -dim 7168,256 -t 8 -e 384 -k 8 --num_warmup 10 --num_iters 100 --tile_m 64 --tile_n 256 --tile_k 256 --tile_n2 256 --tile_k2 256 --skip_ref true --compare_aiter_ck false ; HIP_VISIBLE_DEVICES=0 python3 /sgl-workspace/FlyDSL-mxfp4-moe/scripts/aiter_strict_point.py --model-dim 7168 --inter-dim 256 -e 384 -k 8 -t 8 --aq fp4 --wq fp4 --act silu --gate separated --warmup 10 --iters 100 --aiter-repo /sgl-workspace/aiter",10,100,True,False,True,True,effective_tflops = token*model_dim*inter_dim*3*topk*2 / combined_us / 1e6; mfu = effective_tflops / 4523,kimi_k2,7168,256,384,8,a4w4,silu,8,64,256,256,64,256,256,84.2,50.5,0.0,134.6,142.2,5.235089687964339,0.0011574374724661373,65.84719101123677,552.5649785995483,9.760027172789343e-06,True,"HIP_VISIBLE_DEVICES=0 FLYDSL_PERF_DIST=1 python3 /sgl-workspace/FlyDSL-mxfp4-moe/tests/kernels/test_moe_gemm.py --in_dtype fp4 -dim 7168,256 -t 8 -e 384 -k 8 --num_warmup 10 --num_iters 100 --tile_m 64 --tile_n 256 --tile_k 256 --tile_n2 256 --tile_k2 256 --skip_ref true --compare_aiter_ck false",,,checked
0,AMD Instinct MI350X,HEAD,523ca1c7e224ee62d5e3a4c0f52a18b9cec5e727,"HIP_VISIBLE_DEVICES=0 FLYDSL_PERF_DIST=1 python3 /sgl-workspace/FlyDSL-mxfp4-moe/tests/kernels/test_moe_gemm.py --in_dtype fp4 -dim 7168,256 -t 16 -e 384 -k 8 --num_warmup 10 --num_iters 100 --tile_m 64 --tile_n 256 --tile_k 256 --tile_n2 256 --tile_k2 256 --skip_ref true --compare_aiter_ck false ; HIP_VISIBLE_DEVICES=0 python3 /sgl-workspace/FlyDSL-mxfp4-moe/scripts/aiter_strict_point.py --model-dim 7168 --inter-dim 256 -e 384 -k 8 -t 16 --aq fp4 --wq fp4 --act silu --gate separated --warmup 10 --iters 100 --aiter-repo /sgl-workspace/aiter",10,100,True,False,True,True,effective_tflops = token*model_dim*inter_dim*3*topk*2 / combined_us / 1e6; mfu = effective_tflops / 4523,kimi_k2,7168,256,384,8,a4w4,silu,16,64,256,256,64,256,256,89.8,59.7,0.0,149.6,157.6,9.42036192513369,0.0020827684999190116,84.7373000000007,568.884015083313,9.839066007155672e-06,True,"HIP_VISIBLE_DEVICES=0 FLYDSL_PERF_DIST=1 python3 /sgl-workspace/FlyDSL-mxfp4-moe/tests/kernels/test_moe_gemm.py --in_dtype fp4 -dim 7168,256 -t 16 -e 384 -k 8 --num_warmup 10 --num_iters 100 --tile_m 64 --tile_n 256 --tile_k 256 --tile_n2 256 --tile_k2 256 --skip_ref true --compare_aiter_ck false",,,checked
0,AMD Instinct MI350X,HEAD,523ca1c7e224ee62d5e3a4c0f52a18b9cec5e727,"HIP_VISIBLE_DEVICES=0 FLYDSL_PERF_DIST=1 python3 /sgl-workspace/FlyDSL-mxfp4-moe/tests/kernels/test_moe_gemm.py --in_dtype fp4 -dim 7168,256 -t 32 -e 384 -k 8 --num_warmup 10 --num_iters 100 --tile_m 64 --tile_n 256 --tile_k 256 --tile_n2 256 --tile_k2 256 --skip_ref true --compare_aiter_ck false ; HIP_VISIBLE_DEVICES=0 python3 /sgl-workspace/FlyDSL-mxfp4-moe/scripts/aiter_strict_point.py --model-dim 7168 --inter-dim 256 -e 384 -k 8 -t 32 --aq fp4 --wq fp4 --act silu --gate separated --warmup 10 --iters 100 --aiter-repo /sgl-workspace/aiter",10,100,True,False,True,True,effective_tflops = token*model_dim*inter_dim*3*topk*2 / combined_us / 1e6; mfu = effective_tflops / 4523,kimi_k2,7168,256,384,8,a4w4,silu,32,64,256,256,64,256,256,100.7,74.1,0.0,174.89999999999998,185.5,16.115336123499144,0.0035629750438866117,119.12603225806363,594.165027141571,9.410086305061682e-06,True,"HIP_VISIBLE_DEVICES=0 FLYDSL_PERF_DIST=1 python3 /sgl-workspace/FlyDSL-mxfp4-moe/tests/kernels/test_moe_gemm.py --in_dtype fp4 -dim 7168,256 -t 32 -e 384 -k 8 --num_warmup 10 --num_iters 100 --tile_m 64 --tile_n 256 --tile_k 256 --tile_n2 256 --tile_k2 256 --skip_ref true --compare_aiter_ck false",,,checked
0,AMD Instinct MI350X,HEAD,523ca1c7e224ee62d5e3a4c0f52a18b9cec5e727,"HIP_VISIBLE_DEVICES=0 FLYDSL_PERF_DIST=1 python3 /sgl-workspace/FlyDSL-mxfp4-moe/tests/kernels/test_moe_gemm.py --in_dtype fp4 -dim 7168,256 -t 64 -e 384 -k 8 --num_warmup 10 --num_iters 100 --tile_m 64 --tile_n 256 --tile_k 256 --tile_n2 256 --tile_k2 256 --skip_ref true --compare_aiter_ck false ; HIP_VISIBLE_DEVICES=0 python3 /sgl-workspace/FlyDSL-mxfp4-moe/scripts/aiter_strict_point.py --model-dim 7168 --inter-dim 256 -e 384 -k 8 -t 64 --aq fp4 --wq fp4 --act silu --gate separated --warmup 10 --iters 100 --aiter-repo /sgl-workspace/aiter",10,100,True,False,True,True,effective_tflops = token*model_dim*inter_dim*3*topk*2 / combined_us / 1e6; mfu = effective_tflops / 4523,kimi_k2,7168,256,384,8,a4w4,silu,64,64,256,256,64,256,256,169.7,97.9,0.0,267.6,280.0,21.065562690582958,0.004657431503555816,168.3802087912095,609.9249720573425,9.403851483069658e-06,True,"HIP_VISIBLE_DEVICES=0 FLYDSL_PERF_DIST=1 python3 /sgl-workspace/FlyDSL-mxfp4-moe/tests/kernels/test_moe_gemm.py --in_dtype fp4 -dim 7168,256 -t 64 -e 384 -k 8 --num_warmup 10 --num_iters 100 --tile_m 64 --tile_n 256 --tile_k 256 --tile_n2 256 --tile_k2 256 --skip_ref true --compare_aiter_ck false",,,checked
0,AMD Instinct MI350X,HEAD,523ca1c7e224ee62d5e3a4c0f52a18b9cec5e727,"HIP_VISIBLE_DEVICES=0 FLYDSL_PERF_DIST=1 python3 /sgl-workspace/FlyDSL-mxfp4-moe/tests/kernels/test_moe_gemm.py --in_dtype fp4 -dim 7168,256 -t 128 -e 384 -k 8 --num_warmup 10 --num_iters 100 --tile_m 64 --tile_n 256 --tile_k 256 --tile_n2 256 --tile_k2 256 --skip_ref true --compare_aiter_ck false ; HIP_VISIBLE_DEVICES=0 python3 /sgl-workspace/FlyDSL-mxfp4-moe/scripts/aiter_strict_point.py --model-dim 7168 --inter-dim 256 -e 384 -k 8 -t 128 --aq fp4 --wq fp4 --act silu --gate separated --warmup 10 --iters 100 --aiter-repo /sgl-workspace/aiter",10,100,True,False,True,True,effective_tflops = token*model_dim*inter_dim*3*topk*2 / combined_us / 1e6; mfu = effective_tflops / 4523,kimi_k2,7168,256,384,8,a4w4,silu,128,64,256,256,64,256,256,176.5,116.0,0.0,292.4,304.8,38.5577604377565,0.008524819906645258,196.7042395833342,596.405029296875,0.0005954914352407359,True,"HIP_VISIBLE_DEVICES=0 FLYDSL_PERF_DIST=1 python3 /sgl-workspace/FlyDSL-mxfp4-moe/tests/kernels/test_moe_gemm.py --in_dtype fp4 -dim 7168,256 -t 128 -e 384 -k 8 --num_warmup 10 --num_iters 100 --tile_m 64 --tile_n 256 --tile_k 256 --tile_n2 256 --tile_k2 256 --skip_ref true --compare_aiter_ck false",,,checked
0,AMD Instinct MI350X,HEAD,523ca1c7e224ee62d5e3a4c0f52a18b9cec5e727,"HIP_VISIBLE_DEVICES=0 FLYDSL_PERF_DIST=1 python3 /sgl-workspace/FlyDSL-mxfp4-moe/tests/kernels/test_moe_gemm.py --in_dtype fp4 -dim 7168,256 -t 256 -e 384 -k 8 --num_warmup 10 --num_iters 100 --tile_m 64 --tile_n 256 --tile_k 256 --tile_n2 256 --tile_k2 256 --skip_ref true --compare_aiter_ck false ; HIP_VISIBLE_DEVICES=0 python3 /sgl-workspace/FlyDSL-mxfp4-moe/scripts/aiter_strict_point.py --model-dim 7168 --inter-dim 256 -e 384 -k 8 -t 256 --aq fp4 --wq fp4 --act silu --gate separated --warmup 10 --iters 100 --aiter-repo /sgl-workspace/aiter",10,100,True,False,True,True,effective_tflops = token*model_dim*inter_dim*3*topk*2 / combined_us / 1e6; mfu = effective_tflops / 4523,kimi_k2,7168,256,384,8,a4w4,silu,256,64,256,256,64,256,256,179.8,124.6,0.0,304.3,315.8,74.09983011501807,0.01638289412226798,208.04478260869544,596.563994884491,0.0006630390382372786,True,"HIP_VISIBLE_DEVICES=0 FLYDSL_PERF_DIST=1 python3 /sgl-workspace/FlyDSL-mxfp4-moe/tests/kernels/test_moe_gemm.py --in_dtype fp4 -dim 7168,256 -t 256 -e 384 -k 8 --num_warmup 10 --num_iters 100 --tile_m 64 --tile_n 256 --tile_k 256 --tile_n2 256 --tile_k2 256 --skip_ref true --compare_aiter_ck false",,,checked
0,AMD Instinct MI350X,HEAD,523ca1c7e224ee62d5e3a4c0f52a18b9cec5e727,"HIP_VISIBLE_DEVICES=0 FLYDSL_PERF_DIST=1 python3 /sgl-workspace/FlyDSL-mxfp4-moe/tests/kernels/test_moe_gemm.py --in_dtype fp4 -dim 7168,256 -t 512 -e 384 -k 8 --num_warmup 10 --num_iters 100 --tile_m 64 --tile_n 256 --tile_k 256 --tile_n2 256 --tile_k2 256 --skip_ref true --compare_aiter_ck false ; HIP_VISIBLE_DEVICES=0 python3 /sgl-workspace/FlyDSL-mxfp4-moe/scripts/aiter_strict_point.py --model-dim 7168 --inter-dim 256 -e 384 -k 8 -t 512 --aq fp4 --wq fp4 --act silu --gate separated --warmup 10 --iters 100 --aiter-repo /sgl-workspace/aiter",10,100,True,False,True,True,effective_tflops = token*model_dim*inter_dim*3*topk*2 / combined_us / 1e6; mfu = effective_tflops / 4523,kimi_k2,7168,256,384,8,a4w4,silu,512,64,256,256,64,256,256,180.3,134.4,0.0,314.70000000000005,327.9,143.3020546806482,0.031682965881195714,224.1345567010319,620.8850145339966,0.0006180732459515337,True,"HIP_VISIBLE_DEVICES=0 FLYDSL_PERF_DIST=1 python3 /sgl-workspace/FlyDSL-mxfp4-moe/tests/kernels/test_moe_gemm.py --in_dtype fp4 -dim 7168,256 -t 512 -e 384 -k 8 --num_warmup 10 --num_iters 100 --tile_m 64 --tile_n 256 --tile_k 256 --tile_n2 256 --tile_k2 256 --skip_ref true --compare_aiter_ck false",,,checked
0,AMD Instinct MI350X,HEAD,523ca1c7e224ee62d5e3a4c0f52a18b9cec5e727,"HIP_VISIBLE_DEVICES=0 FLYDSL_PERF_DIST=1 python3 /sgl-workspace/FlyDSL-mxfp4-moe/tests/kernels/test_moe_gemm.py --in_dtype fp4 -dim 7168,256 -t 1024 -e 384 -k 8 --num_warmup 10 --num_iters 100 --tile_m 64 --tile_n 256 --tile_k 256 --tile_n2 256 --tile_k2 256 --skip_ref true --compare_aiter_ck false ; HIP_VISIBLE_DEVICES=0 python3 /sgl-workspace/FlyDSL-mxfp4-moe/scripts/aiter_strict_point.py --model-dim 7168 --inter-dim 256 -e 384 -k 8 -t 1024 --aq fp4 --wq fp4 --act silu --gate separated --warmup 10 --iters 100 --aiter-repo /sgl-workspace/aiter",10,100,True,False,True,True,effective_tflops = token*model_dim*inter_dim*3*topk*2 / combined_us / 1e6; mfu = effective_tflops / 4523,kimi_k2,7168,256,384,8,a4w4,silu,1024,64,256,256,64,256,256,181.5,151.8,0.0,333.3,343.6,270.6100006480648,0.05982975915278903,258.40870103092766,657.2449803352356,0.0006517958301904825,True,"HIP_VISIBLE_DEVICES=0 FLYDSL_PERF_DIST=1 python3 /sgl-workspace/FlyDSL-mxfp4-moe/tests/kernels/test_moe_gemm.py --in_dtype fp4 -dim 7168,256 -t 1024 -e 384 -k 8 --num_warmup 10 --num_iters 100 --tile_m 64 --tile_n 256 --tile_k 256 --tile_n2 256 --tile_k2 256 --skip_ref true --compare_aiter_ck false",,,checked
0,AMD Instinct MI350X,HEAD,523ca1c7e224ee62d5e3a4c0f52a18b9cec5e727,"HIP_VISIBLE_DEVICES=0 FLYDSL_PERF_DIST=1 python3 /sgl-workspace/FlyDSL-mxfp4-moe/tests/kernels/test_moe_gemm.py --in_dtype fp4 -dim 7168,256 -t 2048 -e 384 -k 8 --num_warmup 10 --num_iters 100 --tile_m 64 --tile_n 256 --tile_k 256 --tile_n2 256 --tile_k2 256 --skip_ref true --compare_aiter_ck false ; HIP_VISIBLE_DEVICES=0 python3 /sgl-workspace/FlyDSL-mxfp4-moe/scripts/aiter_strict_point.py --model-dim 7168 --inter-dim 256 -e 384 -k 8 -t 2048 --aq fp4 --wq fp4 --act silu --gate separated --warmup 10 --iters 100 --aiter-repo /sgl-workspace/aiter",10,100,True,False,True,True,effective_tflops = token*model_dim*inter_dim*3*topk*2 / combined_us / 1e6; mfu = effective_tflops / 4523,kimi_k2,7168,256,384,8,a4w4,silu,2048,64,256,256,64,256,256,184.5,194.4,0.0,379.4,391.0,475.4576342435425,0.10511997219622872,382.2209595959608,787.6060009002686,3.441369365364544e-06,True,"HIP_VISIBLE_DEVICES=0 FLYDSL_PERF_DIST=1 python3 /sgl-workspace/FlyDSL-mxfp4-moe/tests/kernels/test_moe_gemm.py --in_dtype fp4 -dim 7168,256 -t 2048 -e 384 -k 8 --num_warmup 10 --num_iters 100 --tile_m 64 --tile_n 256 --tile_k 256 --tile_n2 256 --tile_k2 256 --skip_ref true --compare_aiter_ck false",,,checked
0,AMD Instinct MI350X,HEAD,523ca1c7e224ee62d5e3a4c0f52a18b9cec5e727,"HIP_VISIBLE_DEVICES=0 FLYDSL_PERF_DIST=1 python3 /sgl-workspace/FlyDSL-mxfp4-moe/tests/kernels/test_moe_gemm.py --in_dtype fp4 -dim 7168,256 -t 4096 -e 384 -k 8 --num_warmup 10 --num_iters 100 --tile_m 64 --tile_n 256 --tile_k 256 --tile_n2 256 --tile_k2 256 --skip_ref true --compare_aiter_ck false ; HIP_VISIBLE_DEVICES=0 python3 /sgl-workspace/FlyDSL-mxfp4-moe/scripts/aiter_strict_point.py --model-dim 7168 --inter-dim 256 -e 384 -k 8 -t 4096 --aq fp4 --wq fp4 --act silu --gate separated --warmup 10 --iters 100 --aiter-repo /sgl-workspace/aiter",10,100,True,False,True,True,effective_tflops = token*model_dim*inter_dim*3*topk*2 / combined_us / 1e6; mfu = effective_tflops / 4523,kimi_k2,7168,256,384,8,a4w4,silu,4096,64,256,256,64,256,256,252.1,348.4,0.0,600.5,615.2,600.7947591407161,0.13283103231057178,511.54278787878735,895.2869772911072,3.4482669706292768e-06,True,"HIP_VISIBLE_DEVICES=0 FLYDSL_PERF_DIST=1 python3 /sgl-workspace/FlyDSL-mxfp4-moe/tests/kernels/test_moe_gemm.py --in_dtype fp4 -dim 7168,256 -t 4096 -e 384 -k 8 --num_warmup 10 --num_iters 100 --tile_m 64 --tile_n 256 --tile_k 256 --tile_n2 256 --tile_k2 256 --skip_ref true --compare_aiter_ck false",,,checked
0,AMD Instinct MI350X,HEAD,523ca1c7e224ee62d5e3a4c0f52a18b9cec5e727,"HIP_VISIBLE_DEVICES=0 FLYDSL_PERF_DIST=1 python3 /sgl-workspace/FlyDSL-mxfp4-moe/tests/kernels/test_moe_gemm.py --in_dtype fp4 -dim 7168,256 -t 8192 -e 384 -k 8 --num_warmup 10 --num_iters 100 --tile_m 64 --tile_n 256 --tile_k 256 --tile_n2 256 --tile_k2 256 --skip_ref true --compare_aiter_ck false ; HIP_VISIBLE_DEVICES=0 python3 /sgl-workspace/FlyDSL-mxfp4-moe/scripts/aiter_strict_point.py --model-dim 7168 --inter-dim 256 -e 384 -k 8 -t 8192 --aq fp4 --wq fp4 --act silu --gate separated --warmup 10 --iters 100 --aiter-repo /sgl-workspace/aiter",10,100,True,False,True,True,effective_tflops = token*model_dim*inter_dim*3*topk*2 / combined_us / 1e6; mfu = effective_tflops / 4523,kimi_k2,7168,256,384,8,a4w4,silu,8192,64,256,256,64,256,256,387.2,564.1,0.0,950.8,975.5,758.8919917206563,0.1677850965555287,899.7465434782592,1170.7290410995483,3.4450919983441963e-06,True,"HIP_VISIBLE_DEVICES=0 FLYDSL_PERF_DIST=1 python3 /sgl-workspace/FlyDSL-mxfp4-moe/tests/kernels/test_moe_gemm.py --in_dtype fp4 -dim 7168,256 -t 8192 -e 384 -k 8 --num_warmup 10 --num_iters 100 --tile_m 64 --tile_n 256 --tile_k 256 --tile_n2 256 --tile_k2 256 --skip_ref true --compare_aiter_ck false",,,checked
0,AMD Instinct MI350X,HEAD,523ca1c7e224ee62d5e3a4c0f52a18b9cec5e727,"HIP_VISIBLE_DEVICES=0 FLYDSL_PERF_DIST=1 python3 /sgl-workspace/FlyDSL-mxfp4-moe/tests/kernels/test_moe_gemm.py --in_dtype fp4 -dim 7168,256 -t 16384 -e 384 -k 8 --num_warmup 10 --num_iters 100 --tile_m 64 --tile_n 256 --tile_k 256 --tile_n2 256 --tile_k2 256 --skip_ref true --compare_aiter_ck false ; HIP_VISIBLE_DEVICES=0 python3 /sgl-workspace/FlyDSL-mxfp4-moe/scripts/aiter_strict_point.py --model-dim 7168 --inter-dim 256 -e 384 -k 8 -t 16384 --aq fp4 --wq fp4 --act silu --gate separated --warmup 10 --iters 100 --aiter-repo /sgl-workspace/aiter",10,100,True,False,True,True,effective_tflops = token*model_dim*inter_dim*3*topk*2 / combined_us / 1e6; mfu = effective_tflops / 4523,kimi_k2,7168,256,384,8,a4w4,silu,16384,64,256,256,64,256,256,690.4,1095.2,0.0,1785.6,1822.1,808.1927707526881,0.17868511402889414,1597.2175056179763,1841.694951057434,3.443782965351083e-06,True,"HIP_VISIBLE_DEVICES=0 FLYDSL_PERF_DIST=1 python3 /sgl-workspace/FlyDSL-mxfp4-moe/tests/kernels/test_moe_gemm.py --in_dtype fp4 -dim 7168,256 -t 16384 -e 384 -k 8 --num_warmup 10 --num_iters 100 --tile_m 64 --tile_n 256 --tile_k 256 --tile_n2 256 --tile_k2 256 --skip_ref true --compare_aiter_ck false",,,checked
0,AMD Instinct MI350X,HEAD,523ca1c7e224ee62d5e3a4c0f52a18b9cec5e727,"HIP_VISIBLE_DEVICES=0 FLYDSL_PERF_DIST=1 python3 /sgl-workspace/FlyDSL-mxfp4-moe/tests/kernels/test_moe_gemm.py --in_dtype fp4 -dim 7168,256 -t 32768 -e 384 -k 8 --num_warmup 10 --num_iters 100 --tile_m 64 --tile_n 256 --tile_k 256 --tile_n2 256 --tile_k2 256 --skip_ref true --compare_aiter_ck false ; HIP_VISIBLE_DEVICES=0 python3 /sgl-workspace/FlyDSL-mxfp4-moe/scripts/aiter_strict_point.py --model-dim 7168 --inter-dim 256 -e 384 -k 8 -t 32768 --aq fp4 --wq fp4 --act silu --gate separated --warmup 10 --iters 100 --aiter-repo /sgl-workspace/aiter",10,100,True,False,True,True,effective_tflops = token*model_dim*inter_dim*3*topk*2 / combined_us / 1e6; mfu = effective_tflops / 4523,kimi_k2,7168,256,384,8,a4w4,silu,32768,64,256,256,64,256,256,1062.3,2143.4,0.0,3205.2,3256.9,900.4798523998503,0.1990890675215234,2964.037744680856,3157.3050022125244,3.4440292647763826e-06,True,"HIP_VISIBLE_DEVICES=0 FLYDSL_PERF_DIST=1 python3 /sgl-workspace/FlyDSL-mxfp4-moe/tests/kernels/test_moe_gemm.py --in_dtype fp4 -dim 7168,256 -t 32768 -e 384 -k 8 --num_warmup 10 --num_iters 100 --tile_m 64 --tile_n 256 --tile_k 256 --tile_n2 256 --tile_k2 256 --skip_ref true --compare_aiter_ck false",,,checked
0,AMD Instinct MI350X,HEAD,523ca1c7e224ee62d5e3a4c0f52a18b9cec5e727,"HIP_VISIBLE_DEVICES=0 FLYDSL_PERF_DIST=1 python3 /sgl-workspace/FlyDSL-mxfp4-moe/tests/kernels/test_moe_gemm.py --in_dtype fp4 -dim 3072,3072 -t 256 -e 128 -k 4 --num_warmup 10 --num_iters 100 --tile_m 32 --tile_n 128 --tile_k 256 --tile_n2 256 --tile_k2 256 --skip_ref true --compare_aiter_ck false ; HIP_VISIBLE_DEVICES=0 python3 /sgl-workspace/FlyDSL-mxfp4-moe/scripts/aiter_strict_point.py --model-dim 3072 --inter-dim 3072 -e 128 -k 4 -t 256 --aq fp4 --wq fp4 --act swiglu --gate separated --warmup 10 --iters 100 --aiter-repo /sgl-workspace/aiter",10,100,True,False,True,True,effective_tflops = token*model_dim*inter_dim*3*topk*2 / combined_us / 1e6; mfu = effective_tflops / 4523,gpt_oss,3072,3072,128,4,a4w4,swiglu,256,32,128,256,32,256,256,246.5,143.5,0.0,390.0,415.5,148.67194486153846,0.03287020669058997,328.1737765957458,656.0050249099731,6.2468397891146665e-06,True,"HIP_VISIBLE_DEVICES=0 FLYDSL_PERF_DIST=1 python3 /sgl-workspace/FlyDSL-mxfp4-moe/tests/kernels/test_moe_gemm.py --in_dtype fp4 -dim 3072,3072 -t 256 -e 128 -k 4 --num_warmup 10 --num_iters 100 --tile_m 32 --tile_n 128 --tile_k 256 --tile_n2 256 --tile_k2 256 --skip_ref true --compare_aiter_ck false",,,checked
0,AMD Instinct MI350X,HEAD,523ca1c7e224ee62d5e3a4c0f52a18b9cec5e727,"HIP_VISIBLE_DEVICES=0 FLYDSL_PERF_DIST=1 python3 /sgl-workspace/FlyDSL-mxfp4-moe/tests/kernels/test_moe_gemm.py --in_dtype fp4 -dim 3072,3072 -t 512 -e 128 -k 4 --num_warmup 10 --num_iters 100 --tile_m 32 --tile_n 128 --tile_k 256 --tile_n2 256 --tile_k2 256 --skip_ref true --compare_aiter_ck false ; HIP_VISIBLE_DEVICES=0 python3 /sgl-workspace/FlyDSL-mxfp4-moe/scripts/aiter_strict_point.py --model-dim 3072 --inter-dim 3072 -e 128 -k 4 -t 512 --aq fp4 --wq fp4 --act swiglu --gate separated --warmup 10 --iters 100 --aiter-repo /sgl-workspace/aiter",10,100,True,False,True,True,effective_tflops = token*model_dim*inter_dim*3*topk*2 / combined_us / 1e6; mfu = effective_tflops / 4523,gpt_oss,3072,3072,128,4,a4w4,swiglu,512,32,128,256,32,256,256,254.4,146.2,0.0,400.6,428.79999999999995,289.47607836245635,0.0640009016941093,336.36401041666727,666.8050289154053,6.183315036101256e-06,True,"HIP_VISIBLE_DEVICES=0 FLYDSL_PERF_DIST=1 python3 /sgl-workspace/FlyDSL-mxfp4-moe/tests/kernels/test_moe_gemm.py --in_dtype fp4 -dim 3072,3072 -t 512 -e 128 -k 4 --num_warmup 10 --num_iters 100 --tile_m 32 --tile_n 128 --tile_k 256 --tile_n2 256 --tile_k2 256 --skip_ref true --compare_aiter_ck false",,,checked
0,AMD Instinct MI350X,HEAD,523ca1c7e224ee62d5e3a4c0f52a18b9cec5e727,"HIP_VISIBLE_DEVICES=0 FLYDSL_PERF_DIST=1 python3 /sgl-workspace/FlyDSL-mxfp4-moe/tests/kernels/test_moe_gemm.py --in_dtype fp4 -dim 3072,3072 -t 1024 -e 128 -k 4 --num_warmup 10 --num_iters 100 --tile_m 32 --tile_n 128 --tile_k 256 --tile_n2 256 --tile_k2 256 --skip_ref true --compare_aiter_ck false ; HIP_VISIBLE_DEVICES=0 python3 /sgl-workspace/FlyDSL-mxfp4-moe/scripts/aiter_strict_point.py --model-dim 3072 --inter-dim 3072 -e 128 -k 4 -t 1024 --aq fp4 --wq fp4 --act swiglu --gate separated --warmup 10 --iters 100 --aiter-repo /sgl-workspace/aiter",10,100,True,False,True,True,effective_tflops = token*model_dim*inter_dim*3*topk*2 / combined_us / 1e6; mfu = effective_tflops / 4523,gpt_oss,3072,3072,128,4,a4w4,swiglu,1024,32,128,256,32,256,256,271.3,236.8,0.0,507.6,525.4,456.9114144680851,0.10101954774885809,343.81028125000074,689.1649961471558,6.178899654263326e-06,True,"HIP_VISIBLE_DEVICES=0 FLYDSL_PERF_DIST=1 python3 /sgl-workspace/FlyDSL-mxfp4-moe/tests/kernels/test_moe_gemm.py --in_dtype fp4 -dim 3072,3072 -t 1024 -e 128 -k 4 --num_warmup 10 --num_iters 100 --tile_m 32 --tile_n 128 --tile_k 256 --tile_n2 256 --tile_k2 256 --skip_ref true --compare_aiter_ck false",,,checked
0,AMD Instinct MI350X,HEAD,523ca1c7e224ee62d5e3a4c0f52a18b9cec5e727,"HIP_VISIBLE_DEVICES=0 FLYDSL_PERF_DIST=1 python3 /sgl-workspace/FlyDSL-mxfp4-moe/tests/kernels/test_moe_gemm.py --in_dtype fp4 -dim 3072,3072 -t 2048 -e 128 -k 4 --num_warmup 10 --num_iters 100 --tile_m 32 --tile_n 128 --tile_k 256 --tile_n2 256 --tile_k2 256 --skip_ref true --compare_aiter_ck false ; HIP_VISIBLE_DEVICES=0 python3 /sgl-workspace/FlyDSL-mxfp4-moe/scripts/aiter_strict_point.py --model-dim 3072 --inter-dim 3072 -e 128 -k 4 -t 2048 --aq fp4 --wq fp4 --act swiglu --gate separated --warmup 10 --iters 100 --aiter-repo /sgl-workspace/aiter",10,100,True,False,True,True,effective_tflops = token*model_dim*inter_dim*3*topk*2 / combined_us / 1e6; mfu = effective_tflops / 4523,gpt_oss,3072,3072,128,4,a4w4,swiglu,2048,32,128,256,32,256,256,332.6,317.6,0.0,650.2,670.2,713.4058258505075,0.1577284602808993,453.1531264367808,835.0859880447388,6.184897809680123e-06,True,"HIP_VISIBLE_DEVICES=0 FLYDSL_PERF_DIST=1 python3 /sgl-workspace/FlyDSL-mxfp4-moe/tests/kernels/test_moe_gemm.py --in_dtype fp4 -dim 3072,3072 -t 2048 -e 128 -k 4 --num_warmup 10 --num_iters 100 --tile_m 32 --tile_n 128 --tile_k 256 --tile_n2 256 --tile_k2 256 --skip_ref true --compare_aiter_ck false",,,checked
0,AMD Instinct MI350X,HEAD,523ca1c7e224ee62d5e3a4c0f52a18b9cec5e727,"HIP_VISIBLE_DEVICES=0 FLYDSL_PERF_DIST=1 python3 /sgl-workspace/FlyDSL-mxfp4-moe/tests/kernels/test_moe_gemm.py --in_dtype fp4 -dim 3072,3072 -t 4096 -e 128 -k 4 --num_warmup 10 --num_iters 100 --tile_m 32 --tile_n 128 --tile_k 256 --tile_n2 256 --tile_k2 256 --skip_ref true --compare_aiter_ck false ; HIP_VISIBLE_DEVICES=0 python3 /sgl-workspace/FlyDSL-mxfp4-moe/scripts/aiter_strict_point.py --model-dim 3072 --inter-dim 3072 -e 128 -k 4 -t 4096 --aq fp4 --wq fp4 --act swiglu --gate separated --warmup 10 --iters 100 --aiter-repo /sgl-workspace/aiter",10,100,True,False,True,True,effective_tflops = token*model_dim*inter_dim*3*topk*2 / combined_us / 1e6; mfu = effective_tflops / 4523,gpt_oss,3072,3072,128,4,a4w4,swiglu,4096,32,128,256,32,256,256,464.2,534.1,0.0,998.4000000000001,1056.0,929.1996553846153,0.20543879181618732,703.0980000000009,1013.7679576873779,6.199037882903546e-06,True,"HIP_VISIBLE_DEVICES=0 FLYDSL_PERF_DIST=1 python3 /sgl-workspace/FlyDSL-mxfp4-moe/tests/kernels/test_moe_gemm.py --in_dtype fp4 -dim 3072,3072 -t 4096 -e 128 -k 4 --num_warmup 10 --num_iters 100 --tile_m 32 --tile_n 128 --tile_k 256 --tile_n2 256 --tile_k2 256 --skip_ref true --compare_aiter_ck false",,,checked
0,AMD Instinct MI350X,HEAD,523ca1c7e224ee62d5e3a4c0f52a18b9cec5e727,"HIP_VISIBLE_DEVICES=0 FLYDSL_PERF_DIST=1 python3 /sgl-workspace/FlyDSL-mxfp4-moe/tests/kernels/test_moe_gemm.py --in_dtype fp4 -dim 3072,3072 -t 8192 -e 128 -k 4 --num_warmup 10 --num_iters 100 --tile_m 32 --tile_n 128 --tile_k 256 --tile_n2 256 --tile_k2 256 --skip_ref true --compare_aiter_ck false ; HIP_VISIBLE_DEVICES=0 python3 /sgl-workspace/FlyDSL-mxfp4-moe/scripts/aiter_strict_point.py --model-dim 3072 --inter-dim 3072 -e 128 -k 4 -t 8192 --aq fp4 --wq fp4 --act swiglu --gate separated --warmup 10 --iters 100 --aiter-repo /sgl-workspace/aiter",10,100,True,False,True,True,effective_tflops = token*model_dim*inter_dim*3*topk*2 / combined_us / 1e6; mfu = effective_tflops / 4523,gpt_oss,3072,3072,128,4,a4w4,swiglu,8192,32,128,256,32,256,256,742.9,935.7,0.0,1678.3,1805.3,1105.5388618673658,0.2444260141205761,1302.9729550561804,1645.4930305480957,6.18097885130009e-06,True,"HIP_VISIBLE_DEVICES=0 FLYDSL_PERF_DIST=1 python3 /sgl-workspace/FlyDSL-mxfp4-moe/tests/kernels/test_moe_gemm.py --in_dtype fp4 -dim 3072,3072 -t 8192 -e 128 -k 4 --num_warmup 10 --num_iters 100 --tile_m 32 --tile_n 128 --tile_k 256 --tile_n2 256 --tile_k2 256 --skip_ref true --compare_aiter_ck false",,,checked
0,AMD Instinct MI350X,HEAD,523ca1c7e224ee62d5e3a4c0f52a18b9cec5e727,"HIP_VISIBLE_DEVICES=0 FLYDSL_PERF_DIST=1 python3 /sgl-workspace/FlyDSL-mxfp4-moe/tests/kernels/test_moe_gemm.py --in_dtype fp4 -dim 3072,3072 -t 16384 -e 128 -k 4 --num_warmup 10 --num_iters 100 --tile_m 32 --tile_n 128 --tile_k 256 --tile_n2 256 --tile_k2 256 --skip_ref true --compare_aiter_ck false ; HIP_VISIBLE_DEVICES=0 python3 /sgl-workspace/FlyDSL-mxfp4-moe/scripts/aiter_strict_point.py --model-dim 3072 --inter-dim 3072 -e 128 -k 4 -t 16384 --aq fp4 --wq fp4 --act swiglu --gate separated --warmup 10 --iters 100 --aiter-repo /sgl-workspace/aiter",10,100,True,False,True,True,effective_tflops = token*model_dim*inter_dim*3*topk*2 / combined_us / 1e6; mfu = effective_tflops / 4523,gpt_oss,3072,3072,128,4,a4w4,swiglu,16384,32,128,256,32,256,256,1321.3,1578.6,0.0,2899.8999999999996,3148.1,1279.6481753660473,0.2829202244895086,2158.8413440860227,2466.418981552124,6.177899778192497e-06,True,"HIP_VISIBLE_DEVICES=0 FLYDSL_PERF_DIST=1 python3 /sgl-workspace/FlyDSL-mxfp4-moe/tests/kernels/test_moe_gemm.py --in_dtype fp4 -dim 3072,3072 -t 16384 -e 128 -k 4 --num_warmup 10 --num_iters 100 --tile_m 32 --tile_n 128 --tile_k 256 --tile_n2 256 --tile_k2 256 --skip_ref true --compare_aiter_ck false",,,checked
0,AMD Instinct MI350X,HEAD,523ca1c7e224ee62d5e3a4c0f52a18b9cec5e727,"HIP_VISIBLE_DEVICES=0 FLYDSL_PERF_DIST=1 python3 /sgl-workspace/FlyDSL-mxfp4-moe/tests/kernels/test_moe_gemm.py --in_dtype fp4 -dim 3072,3072 -t 32768 -e 128 -k 4 --num_warmup 10 --num_iters 100 --tile_m 32 --tile_n 128 --tile_k 256 --tile_n2 256 --tile_k2 256 --skip_ref true --compare_aiter_ck false ; HIP_VISIBLE_DEVICES=0 python3 /sgl-workspace/FlyDSL-mxfp4-moe/scripts/aiter_strict_point.py --model-dim 3072 --inter-dim 3072 -e 128 -k 4 -t 32768 --aq fp4 --wq fp4 --act swiglu --gate separated --warmup 10 --iters 100 --aiter-repo /sgl-workspace/aiter",10,100,True,False,True,True,effective_tflops = token*model_dim*inter_dim*3*topk*2 / combined_us / 1e6; mfu = effective_tflops / 4523,gpt_oss,3072,3072,128,4,a4w4,swiglu,32768,32,128,256,32,256,256,2509.3,2999.5,0.0,5508.8,5865.0,1347.245042021493,0.2978653641435978,4044.7997684210477,4329.154014587402,6.180992124016349e-06,True,"HIP_VISIBLE_DEVICES=0 FLYDSL_PERF_DIST=1 python3 /sgl-workspace/FlyDSL-mxfp4-moe/tests/kernels/test_moe_gemm.py --in_dtype fp4 -dim 3072,3072 -t 32768 -e 128 -k 4 --num_warmup 10 --num_iters 100 --tile_m 32 --tile_n 128 --tile_k 256 --tile_n2 256 --tile_k2 256 --skip_ref true --compare_aiter_ck false",,,checked
